"","SPID","species_count"
"1","A0A096MJN4",17
"2","A0A0A6YY25",6
"3","A0A0B4K7J2",17
"4","A0A0G2JEB6",17
"5","A0A0G2JZ79",17
"6","A0A0G2K344",17
"7","A0A178VEK7",17
"8","A0A182C2Z2",17
"9","A0A1B0GUW6",8
"10","A0A1L8GXY4",17
"11","A0A1L8HBI7",9
"12","A0A1L8HJK9",9
"13","A0A1L8HTT5",10
"14","A0A2I0BVG8",17
"15","A0A494C1R9",17
"16","A0A5F8MPU3",7
"17","A0AVF1",17
"18","A0JM98",17
"19","A0JPK3",17
"20","A0M8T3",17
"21","A0MLS5",17
"22","A0P8Z4",17
"23","A1A5Q4",17
"24","A1L1C2",17
"25","A1L1H3",16
"26","A1L1K7",17
"27","A1X154",17
"28","A1YEV9",17
"29","A1YFW6",17
"30","A1YG26",17
"31","A1Z6E0",17
"32","A1Z7Z9",17
"33","A1Z8D0",17
"34","A1Z8P9",17
"35","A1Z9E2",17
"36","A1Z9L3",17
"37","A1Z9X0",17
"38","A1ZAC4",3
"39","A1ZB91",17
"40","A2A6C4",17
"41","A2A8L1",17
"42","A2AAE1",17
"43","A2AG06",16
"44","A2AKX3",17
"45","A2AL36",17
"46","A2AM05",17
"47","A2APF3",17
"48","A2ARI4",17
"49","A2ARP9",5
"50","A2ARZ3",17
"51","A2AU37",17
"52","A2AU72",17
"53","A2AV36",17
"54","A2BDR7",16
"55","A2BF66",17
"56","A2CEI6",17
"57","A2CG63",17
"58","A2RUB1",16
"59","A2RV06",17
"60","A2T6W2",17
"61","A2T712",17
"62","A2T7L7",17
"63","A3KGV1",17
"64","A3KNW0",17
"65","A3KPW9",17
"66","A3KQH2",17
"67","A4D1T9",17
"68","A4D263",17
"69","A4D7T3",17
"70","A4IFD8",17
"71","A4IH17",17
"72","A4PES0",17
"73","A4UTQ0",17
"74","A5D796",17
"75","A5D7Q3",17
"76","A5D8V7",17
"77","A5D8W1",17
"78","A5D9M6",17
"79","A5PK71",17
"80","A6N7Y9",17
"81","A6NAF9",17
"82","A6NDE4",15
"83","A6NFT4",17
"84","A6NG13",17
"85","A6NJZ7",17
"86","A6NK02",8
"87","A6NKD2",17
"88","A6NNM3",17
"89","A6NP61",9
"90","A6P7L8",17
"91","A6PVC2",17
"92","A6PWD2",17
"93","A6QLE1",17
"94","A6QLW9",17
"95","A6QNW6",17
"96","A6QQ71",17
"97","A6QQ94",17
"98","A6QQL3",17
"99","A6QQM8",17
"100","A6QQV6",17
"101","A7DTF0",16
"102","A7X5R6",17
"103","A7X8B7",17
"104","A7YWH3",6
"105","A8D8P8",17
"106","A8E0R9",17
"107","A8KBF3",17
"108","A8MPH9",13
"109","A8MW99",1
"110","A8TSS9",17
"111","A8WMY3",17
"112","A8WQY8",17
"113","A8WR63",17
"114","A8WSU9",17
"115","A8WTE8",17
"116","A8WVU9",17
"117","A8WZ92",17
"118","A8X5H5",17
"119","A8XZJ9",17
"120","A9CPT4",17
"121","A9Q751",17
"122","A9RA82",17
"123","A9ZSY0",17
"124","A9ZSZ2",17
"125","B0BLW3",17
"126","B0BMX9",17
"127","B0BN28",17
"128","B0CM26",17
"129","B0LSW3",17
"130","B0M1H3",7
"131","B0VXE6",17
"132","B0W2W6",16
"133","B0WH58",17
"134","B0XDC4",17
"135","B1A8Z2",17
"136","B1ASB6",17
"137","B1Q3J6",17
"138","B1WBT0",17
"139","B2GUN4",17
"140","B2GV50",17
"141","B2RQC2",17
"142","B2RR83",17
"143","B2RV13",17
"144","B2RV46",17
"145","B2RW38",17
"146","B2RX14",17
"147","B2RXZ1",17
"148","B2RYF7",17
"149","B3EX35",17
"150","B3LVG7",10
"151","B3LVQ1",16
"152","B3LWS4",17
"153","B3M185",17
"154","B3M383",17
"155","B3M6I4",17
"156","B3M8G0",17
"157","B3MB79",4
"158","B3MCZ5",17
"159","B3ME25",17
"160","B3MEY6",17
"161","B3MLC5",17
"162","B3MMA5",17
"163","B3MPN6",16
"164","B3MRC6",17
"165","B3MZY6",3
"166","B3N1G9",17
"167","B3N5N3",17
"168","B3N6U7",17
"169","B3N946",16
"170","B3NAN8",17
"171","B3NBB6",17
"172","B3NE99",17
"173","B3NEF0",15
"174","B3NMI5",17
"175","B3NPW0",17
"176","B3NRC6",17
"177","B3NXQ7",17
"178","B3NZR4",17
"179","B3P100",16
"180","B3P3J9",10
"181","B3P3M8",17
"182","B3P3W1",17
"183","B3P7F8",17
"184","B3P9W1",17
"185","B4F7A7",17
"186","B4F7C4",17
"187","B4GAJ1",17
"188","B4GAY7",17
"189","B4GDM5",17
"190","B4GEU5",17
"191","B4GFJ8",17
"192","B4GFN8",16
"193","B4GK79",17
"194","B4GN43",16
"195","B4GN46",16
"196","B4GS98",17
"197","B4GXH4",17
"198","B4H1F5",17
"199","B4H9N7",17
"200","B4HBU3",17
"201","B4HEJ6",17
"202","B4HEM8",10
"203","B4HFB7",17
"204","B4HKC7",17
"205","B4HLH4",17
"206","B4HMV9",17
"207","B4HR14",17
"208","B4HSL3",17
"209","B4HT57",17
"210","B4HVU2",17
"211","B4HWI2",16
"212","B4HXL7",17
"213","B4IAQ8",17
"214","B4IB36",11
"215","B4IBY5",16
"216","B4IL76",17
"217","B4IXJ2",17
"218","B4J3A3",6
"219","B4J613",17
"220","B4J6D5",17
"221","B4JAX0",17
"222","B4JCS7",17
"223","B4JHB4",16
"224","B4JT42",17
"225","B4JWA1",17
"226","B4JWS7",17
"227","B4JZQ9",17
"228","B4K5R2",17
"229","B4K5S8",16
"230","B4K835",10
"231","B4KHL5",17
"232","B4KLC0",17
"233","B4KNN9",17
"234","B4KT48",17
"235","B4KVI7",14
"236","B4L6T9",17
"237","B4L7F0",17
"238","B4L8V5",17
"239","B4LCX4",17
"240","B4LF72",9
"241","B4LM71",17
"242","B4LQ21",17
"243","B4LRY2",17
"244","B4LWT5",16
"245","B4LX81",17
"246","B4LY29",17
"247","B4LY58",10
"248","B4M9A8",17
"249","B4MA12",17
"250","B4MEW8",17
"251","B4MLE8",17
"252","B4MQL8",17
"253","B4MX21",17
"254","B4MXR8",17
"255","B4MY75",17
"256","B4MZ79",17
"257","B4N937",10
"258","B4NAD3",17
"259","B4NBB0",17
"260","B4NER4",17
"261","B4NHI4",17
"262","B4NIM7",16
"263","B4NWM2",17
"264","B4NXB8",17
"265","B4NYT3",17
"266","B4NZ70",16
"267","B4P5F7",17
"268","B4P6M6",17
"269","B4P6P9",17
"270","B4PD96",17
"271","B4PDM5",17
"272","B4PIP5",15
"273","B4PN49",17
"274","B4PR20",16
"275","B4PRJ9",17
"276","B4PSQ2",17
"277","B4PST0",10
"278","B4PUP5",17
"279","B4PYR0",17
"280","B4Q5Z1",17
"281","B4QB88",17
"282","B4QFD2",17
"283","B4QHG6",17
"284","B4QHS6",17
"285","B4QK53",17
"286","B4QL99",11
"287","B4QMF4",17
"288","B4QX59",16
"289","B4QZU6",10
"290","B4R1D8",17
"291","B4USW8",17
"292","B5DE31",17
"293","B5DMC9",17
"294","B5DR03",5
"295","B5DRY3",7
"296","B7NZ88",17
"297","B7PS00",17
"298","B7ZR30",17
"299","B8A4F4",17
"300","B9EKI3",16
"301","C0LZJ1",17
"302","C0SPG1",9
"303","C1L7Y4",17
"304","C3VD30",9
"305","C3XVT5",17
"306","C4QH88",17
"307","C9JQI7",17
"308","D0PV95",17
"309","D2GVP7",16
"310","D2H0H6",17
"311","D2H3M0",17
"312","D2HHP1",17
"313","D2HXI8",17
"314","D3K5L7",17
"315","D3YUJ3",17
"316","D3YVL2",17
"317","D3Z2X2",17
"318","D3Z3K2",16
"319","D3Z4R1",17
"320","D3ZD32",17
"321","D3ZKD3",17
"322","D3ZQF4",17
"323","D3ZU96",17
"324","D3ZVK1",17
"325","D3ZW91",17
"326","D3ZWE7",17
"327","D4A2Z8",17
"328","D4A7T3",17
"329","D4AC13",17
"330","D4AE59",17
"331","D5MCN2",17
"332","E1B9W9",17
"333","E1BE10",17
"334","E1BH29",17
"335","E1BHJ4",17
"336","E1BNS6",17
"337","E1BP74",17
"338","E1BPH3",17
"339","E1BPX4",17
"340","E1BZ85",17
"341","E1C3S7",17
"342","E1C6Q1",17
"343","E2IUK4",17
"344","E2QTD3",17
"345","E2R222",17
"346","E2RD63",17
"347","E2RDV1",17
"348","E2RSQ2",17
"349","E2RSS3",17
"350","E7F1H9",17
"351","E7FDB3",17
"352","E7FDW8",17
"353","E7FE13",17
"354","E7FE40",17
"355","E9PSL7",17
"356","E9PVD1",17
"357","E9Q3T6",17
"358","E9Q414",17
"359","E9Q5K9",17
"360","E9Q5M6",17
"361","E9Q6W4",17
"362","E9Q7R9",17
"363","E9Q8T7",17
"364","E9Q956",17
"365","E9Q9F7",17
"366","F1LVW7",17
"367","F1LYL9",17
"368","F1M5F3",17
"369","F1M5M3",17
"370","F1M8G0",17
"371","F1MJR8",17
"372","F1MKX4",17
"373","F1MLX5",17
"374","F1N206",17
"375","F1N2W9",17
"376","F1N7G5",17
"377","F1P4W9",17
"378","F1QFR9",17
"379","F1QLR3",17
"380","F1QW93",17
"381","F1QYC4",17
"382","F1R237",17
"383","F1R2X6",17
"384","F1R777",17
"385","F1RRW5",17
"386","F1SS88",17
"387","F4IH25",17
"388","F4JP36",3
"389","F6PHZ6",17
"390","F7DRV9",17
"391","F8VPQ2",17
"392","G2HE57",17
"393","G3UZ78",15
"394","G3V7L5",17
"395","G3V7X8",17
"396","G5E8Z2",17
"397","G5EBL2",1
"398","G5EC24",17
"399","G5EC86",17
"400","G5ECD6",17
"401","G5ECH5",17
"402","G5ED39",17
"403","G5EDE2",17
"404","G5EEH9",17
"405","G5EEN4",17
"406","G5EET5",14
"407","G5EEV2",17
"408","G5EF60",17
"409","G5EG38",17
"410","G5EGQ6",17
"411","H1UBK1",17
"412","H2L056",17
"413","H2L099",17
"414","H9IWW7",16
"415","H9JD76",17
"416","K7SGN7",9
"417","M9MRD1",17
"418","M9MRD5",17
"419","M9NEY8",17
"420","O00203",17
"421","O00238",17
"422","O00327",17
"423","O00507",17
"424","O00571",17
"425","O01322",15
"426","O01346",16
"427","O01367",17
"428","O01382",17
"429","O01422",17
"430","O01501",17
"431","O01767",17
"432","O01798",17
"433","O01803",17
"434","O01836",17
"435","O01887",1
"436","O02002",17
"437","O02008",17
"438","O02658",17
"439","O08550",17
"440","O08565",17
"441","O08629",17
"442","O08699",17
"443","O08725",17
"444","O08749",17
"445","O08785",17
"446","O08807",17
"447","O08849",17
"448","O08859",17
"449","O08983",16
"450","O09139",17
"451","O14645",17
"452","O14686",17
"453","O14753",17
"454","O14777",17
"455","O14965",17
"456","O15123",17
"457","O15259",17
"458","O15360",17
"459","O15457",17
"460","O15516",17
"461","O15523",17
"462","O15945",17
"463","O16076",17
"464","O16466",17
"465","O16844",17
"466","O17514",17
"467","O17901",17
"468","O17915",17
"469","O18178",17
"470","O18209",17
"471","O18334",17
"472","O18388",17
"473","O18412",17
"474","O18640",17
"475","O18896",17
"476","O19010",17
"477","O19110",17
"478","O22212",17
"479","O35263",16
"480","O35264",16
"481","O35462",17
"482","O35594",17
"483","O35608",17
"484","O35817",17
"485","O35914",17
"486","O35923",17
"487","O35952",17
"488","O43236",17
"489","O43323",17
"490","O43432",17
"491","O43502",17
"492","O43524",17
"493","O43903",17
"494","O43929",16
"495","O44081",17
"496","O44169",15
"497","O44342",17
"498","O44386",17
"499","O44406",17
"500","O44408",17
"501","O44437",16
"502","O44476",16
"503","O44783",17
"504","O44959",17
"505","O45244",17
"506","O45551",17
"507","O45599",2
"508","O45876",15
"509","O46374",17
"510","O54689",17
"511","O54735",17
"512","O54785",17
"513","O54800",17
"514","O54833",17
"515","O54857",17
"516","O54863",17
"517","O54967",17
"518","O55034",17
"519","O55047",17
"520","O55131",17
"521","O57437",17
"522","O60383",17
"523","O60393",6
"524","O60522",17
"525","O60613",17
"526","O60779",7
"527","O60879",17
"528","O61267",17
"529","O61460",17
"530","O61742",16
"531","O61789",17
"532","O62136",17
"533","O62651",17
"534","O62698",17
"535","O70146",17
"536","O70250",17
"537","O70325",17
"538","O70437",17
"539","O70523",17
"540","O70566",17
"541","O70608",13
"542","O73798",17
"543","O75031",15
"544","O75344",17
"545","O75398",16
"546","O75473",17
"547","O75602",17
"548","O75618",17
"549","O75626",17
"550","O75718",16
"551","O75925",17
"552","O75934",17
"553","O76050",17
"554","O76064",17
"555","O76074",17
"556","O76099",1
"557","O76365",17
"558","O76460",17
"559","O76742",17
"560","O76743",17
"561","O76922",17
"562","O77051",16
"563","O77681",17
"564","O80883",17
"565","O88508",15
"566","O88509",16
"567","O88529",17
"568","O88708",16
"569","O88767",17
"570","O88846",15
"571","O88898",17
"572","O88907",17
"573","O94776",17
"574","O94901",17
"575","O94993",17
"576","O95067",17
"577","O95072",16
"578","O95248",17
"579","O95394",16
"580","O95450",17
"581","O95453",17
"582","O95470",17
"583","O95476",17
"584","O95661",17
"585","O95714",17
"586","O95793",16
"587","O95922",17
"588","O95972",17
"589","O97143",17
"590","O97159",17
"591","O97799",17
"592","P00348",17
"593","P00441",17
"594","P00442",17
"595","P00517",17
"596","P00522",17
"597","P00528",17
"598","P00536",17
"599","P00539",17
"600","P00540",17
"601","P00786",17
"602","P00787",17
"603","P01015",3
"604","P01137",17
"605","P02572",17
"606","P02828",17
"607","P02835",17
"608","P03949",17
"609","P03966",16
"610","P04114",17
"611","P04178",17
"612","P04198",13
"613","P04202",17
"614","P04412",17
"615","P04629",17
"616","P04657",16
"617","P04810",17
"618","P04811",17
"619","P04916",14
"620","P04920",17
"621","P05132",17
"622","P05153",17
"623","P05154",17
"624","P05369",17
"625","P05480",17
"626","P05532",17
"627","P05556",17
"628","P05661",17
"629","P06186",17
"630","P06400",17
"631","P06401",17
"632","P06605",17
"633","P06754",17
"634","P06797",17
"635","P06866",17
"636","P07154",17
"637","P07174",17
"638","P07200",17
"639","P07207",17
"640","P07314",17
"641","P07632",17
"642","P07664",17
"643","P07686",17
"644","P07704",10
"645","P07713",17
"646","P07812",17
"647","P07872",17
"648","P07903",15
"649","P07909",17
"650","P07992",15
"651","P08111",17
"652","P08151",17
"653","P08171",17
"654","P08181",17
"655","P08182",17
"656","P08228",17
"657","P08253",17
"658","P08630",17
"659","P08645",17
"660","P08646",17
"661","P08910",17
"662","P08922",17
"663","P08928",17
"664","P09052",17
"665","P09055",17
"666","P09087",17
"667","P09208",17
"668","P09212",17
"669","P09456",17
"670","P09470",17
"671","P09529",17
"672","P09615",17
"673","P09622",17
"674","P09631",17
"675","P09661",17
"676","P09670",17
"677","P09760",17
"678","P09936",17
"679","P0C1S8",17
"680","P0C605",17
"681","P0C6A0",13
"682","P0C6R2",17
"683","P0C6Y7",17
"684","P0CG47",17
"685","P0CG49",17
"686","P0CG51",17
"687","P0CG53",17
"688","P0CV98",17
"689","P0CV99",17
"690","P0CW00",17
"691","P0CW01",17
"692","P0CW70",17
"693","P0DOY1",15
"694","P10041",17
"695","P10180",17
"696","P10243",17
"697","P10275",17
"698","P10276",17
"699","P10361",17
"700","P10383",13
"701","P10415",17
"702","P10417",17
"703","P10721",17
"704","P10981",17
"705","P10987",17
"706","P11046",17
"707","P11147",17
"708","P11346",17
"709","P11388",17
"710","P11416",17
"711","P11420",17
"712","P11438",3
"713","P11536",17
"714","P11584",17
"715","P11717",16
"716","P11859",1
"717","P11862",17
"718","P12080",17
"719","P12370",17
"720","P12613",17
"721","P12644",17
"722","P12757",17
"723","P12821",17
"724","P12931",17
"725","P12982",17
"726","P13055",17
"727","P13383",17
"728","P13395",17
"729","P13405",17
"730","P13508",17
"731","P13569",17
"732","P13582",17
"733","P13682",17
"734","P13808",17
"735","P14211",17
"736","P14270",17
"737","P14373",3
"738","P14659",17
"739","P14773",17
"740","P15207",17
"741","P15259",17
"742","P15348",17
"743","P15428",17
"744","P15620",17
"745","P16067",17
"746","P16104",17
"747","P16235",17
"748","P16290",17
"749","P16381",17
"750","P16568",17
"751","P16582",17
"752","P16591",17
"753","P16621",17
"754","P16627",17
"755","P16905",17
"756","P16914",17
"757","P16989",17
"758","P17010",17
"759","P17012",17
"760","P17133",16
"761","P17141",17
"762","P17156",17
"763","P17210",17
"764","P17246",17
"765","P17491",17
"766","P17553",17
"767","P17612",17
"768","P17671",17
"769","P17672",17
"770","P17741",17
"771","P17789",6
"772","P17955",16
"773","P18105",17
"774","P18265",17
"775","P18266",17
"776","P18418",17
"777","P18431",17
"778","P18475",17
"779","P18491",8
"780","P18502",17
"781","P18537",17
"782","P18572",16
"783","P18824",17
"784","P18935",10
"785","P19018",17
"786","P19075",17
"787","P19091",17
"788","P19339",17
"789","P19440",17
"790","P19544",17
"791","P19784",17
"792","P19883",17
"793","P20042",17
"794","P20060",17
"795","P20105",17
"796","P20153",17
"797","P20226",17
"798","P20266",17
"799","P20272",17
"800","P20395",17
"801","P20439",17
"802","P20480",17
"803","P20482",17
"804","P20594",17
"805","P20659",17
"806","P20662",17
"807","P20793",17
"808","P20794",17
"809","P21187",17
"810","P21275",17
"811","P21450",17
"812","P21525",13
"813","P21554",17
"814","P21642",17
"815","P21674",17
"816","P21869",17
"817","P22006",1
"818","P22227",17
"819","P22561",17
"820","P22612",17
"821","P22700",17
"822","P22711",17
"823","P22724",17
"824","P22888",17
"825","P22974",14
"826","P22975",1
"827","P22981",17
"828","P23128",17
"829","P23347",17
"830","P23443",17
"831","P23572",17
"832","P23634",17
"833","P23647",17
"834","P23696",17
"835","P23945",17
"836","P24348",17
"837","P24727",4
"838","P25101",17
"839","P25159",16
"840","P25233",17
"841","P25321",17
"842","P25427",7
"843","P25440",17
"844","P25490",17
"845","P25723",17
"846","P25724",17
"847","P25822",15
"848","P25823",17
"849","P25843",15
"850","P25867",17
"851","P25992",17
"852","P26022",17
"853","P26361",17
"854","P26362",17
"855","P26363",17
"856","P26436",1
"857","P26453",16
"858","P26583",17
"859","P26684",17
"860","P26928",17
"861","P27037",17
"862","P27038",17
"863","P27091",17
"864","P27605",17
"865","P27619",17
"866","P27661",17
"867","P27699",16
"868","P27715",17
"869","P27731",13
"870","P27791",17
"871","P27797",17
"872","P28166",17
"873","P28480",17
"874","P28515",17
"875","P28646",17
"876","P28659",17
"877","P28661",17
"878","P29121",17
"879","P29310",17
"880","P29332",17
"881","P29349",17
"882","P29374",17
"883","P29474",17
"884","P29555",17
"885","P29598",17
"886","P29742",17
"887","P30121",16
"888","P30153",17
"889","P30189",17
"890","P30276",17
"891","P30277",17
"892","P30305",17
"893","P30306",17
"894","P30307",17
"895","P30530",17
"896","P30680",17
"897","P30681",17
"898","P30730",17
"899","P30872",17
"900","P30873",17
"901","P30874",17
"902","P30875",17
"903","P30904",17
"904","P30935",17
"905","P30936",17
"906","P31007",17
"907","P31009",17
"908","P31044",17
"909","P31258",17
"910","P31260",17
"911","P31269",17
"912","P31270",17
"913","P31310",17
"914","P31311",17
"915","P31689",17
"916","P31749",17
"917","P31750",17
"918","P32019",17
"919","P32183",17
"920","P32215",17
"921","P32506",6
"922","P32745",17
"923","P32866",17
"924","P32871",17
"925","P33431",17
"926","P33434",17
"927","P33436",17
"928","P33568",17
"929","P33981",17
"930","P34021",17
"931","P34158",17
"932","P34183",17
"933","P34331",17
"934","P34540",17
"935","P34545",17
"936","P34556",17
"937","P34563",17
"938","P34681",17
"939","P34689",17
"940","P34708",17
"941","P34739",17
"942","P34808",17
"943","P34821",17
"944","P34933",17
"945","P35071",17
"946","P35222",17
"947","P35378",17
"948","P35527",13
"949","P35584",17
"950","P35739",17
"951","P35761",17
"952","P35875",17
"953","P36873",17
"954","P36877",17
"955","P36897",17
"956","P36898",17
"957","P36968",17
"958","P36969",17
"959","P36970",17
"960","P37172",17
"961","P37276",17
"962","P38444",17
"963","P38532",16
"964","P38533",16
"965","P38650",17
"966","P39052",17
"967","P39745",17
"968","P39768",17
"969","P39769",17
"970","P40423",17
"971","P40692",17
"972","P40792",17
"973","P40793",17
"974","P40809",17
"975","P40879",17
"976","P40946",17
"977","P41035",17
"978","P41161",17
"979","P41182",17
"980","P41183",17
"981","P41208",17
"982","P41212",17
"983","P41220",17
"984","P41263",15
"985","P41515",17
"986","P41516",17
"987","P41586",17
"988","P41828",17
"989","P41934",17
"990","P41996",1
"991","P42003",17
"992","P42208",17
"993","P42209",17
"994","P42271",17
"995","P42282",5
"996","P42283",1
"997","P42284",2
"998","P42336",17
"999","P42337",17
"1000","P42345",17
"1001","P42346",17
"1002","P42859",17
"1003","P43021",17
"1004","P43034",17
"1005","P43246",17
"1006","P43247",17
"1007","P43332",16
"1008","P43481",17
"1009","P45594",17
"1010","P45891",17
"1011","P45975",17
"1012","P46100",17
"1013","P46109",17
"1014","P46150",17
"1015","P46152",17
"1016","P46379",17
"1017","P46531",17
"1018","P46822",17
"1019","P47196",17
"1020","P47727",17
"1021","P47746",17
"1022","P47806",17
"1023","P47820",17
"1024","P47931",17
"1025","P47938",17
"1026","P47941",17
"1027","P48148",17
"1028","P48378",17
"1029","P48379",17
"1030","P48434",17
"1031","P48436",17
"1032","P48462",17
"1033","P48555",17
"1034","P48603",17
"1035","P48608",17
"1036","P48612",17
"1037","P48679",17
"1038","P48759",16
"1039","P48809",17
"1040","P48966",17
"1041","P48967",17
"1042","P49025",17
"1043","P49028",17
"1044","P49029",17
"1045","P49116",17
"1046","P49117",17
"1047","P49134",17
"1048","P49455",17
"1049","P49711",17
"1050","P49840",17
"1051","P49858",17
"1052","P49918",1
"1053","P49950",17
"1054","P49952",17
"1055","P49953",17
"1056","P50093",17
"1057","P50103",17
"1058","P50118",17
"1059","P50393",17
"1060","P50536",13
"1061","P50902",17
"1062","P51111",17
"1063","P51114",17
"1064","P51115",17
"1065","P51140",17
"1066","P51521",17
"1067","P51531",17
"1068","P51572",17
"1069","P51587",17
"1070","P51592",17
"1071","P51608",17
"1072","P51684",17
"1073","P51843",17
"1074","P51954",17
"1075","P51960",17
"1076","P51993",17
"1077","P52159",17
"1078","P52172",17
"1079","P52194",17
"1080","P52295",17
"1081","P52304",17
"1082","P52594",17
"1083","P52701",17
"1084","P52757",17
"1085","P52925",17
"1086","P53020",1
"1087","P53350",17
"1088","P53501",17
"1089","P53563",17
"1090","P53670",17
"1091","P53671",17
"1092","P53784",17
"1093","P54275",17
"1094","P54276",17
"1095","P54359",17
"1096","P54619",17
"1097","P54623",3
"1098","P54652",17
"1099","P54727",17
"1100","P54728",17
"1101","P54733",17
"1102","P55054",17
"1103","P55062",11
"1104","P55094",17
"1105","P55105",17
"1106","P55144",17
"1107","P55146",17
"1108","P55318",17
"1109","P55824",17
"1110","P55830",17
"1111","P55937",17
"1112","P55965",17
"1113","P56079",17
"1114","P56225",17
"1115","P56403",17
"1116","P56597",17
"1117","P56702",16
"1118","P56703",17
"1119","P56705",17
"1120","P57073",17
"1121","P57087",5
"1122","P57097",17
"1123","P57784",17
"1124","P58012",17
"1125","P59241",17
"1126","P59282",17
"1127","P60052",17
"1128","P60226",17
"1129","P60321",17
"1130","P60322",17
"1131","P60323",17
"1132","P60324",17
"1133","P60483",17
"1134","P60484",17
"1135","P61092",15
"1136","P61209",17
"1137","P61327",17
"1138","P61407",17
"1139","P61753",17
"1140","P61754",17
"1141","P62325",17
"1142","P62340",17
"1143","P62345",17
"1144","P62380",17
"1145","P62753",17
"1146","P62754",17
"1147","P62755",17
"1148","P62821",17
"1149","P62828",17
"1150","P62877",17
"1151","P62878",17
"1152","P63004",17
"1153","P63005",17
"1154","P63029",16
"1155","P63036",17
"1156","P63037",17
"1157","P63087",17
"1158","P63088",17
"1159","P63094",17
"1160","P63095",17
"1161","P63146",17
"1162","P63147",17
"1163","P63149",17
"1164","P63170",17
"1165","P67999",17
"1166","P68401",16
"1167","P68402",16
"1168","P70032",17
"1169","P70178",17
"1170","P70187",17
"1171","P70190",17
"1172","P70205",17
"1173","P70281",17
"1174","P70296",17
"1175","P70313",17
"1176","P70318",17
"1177","P70340",17
"1178","P70368",17
"1179","P70419",17
"1180","P70451",17
"1181","P70458",17
"1182","P70503",17
"1183","P70600",17
"1184","P70619",17
"1185","P70658",17
"1186","P70684",17
"1187","P70696",15
"1188","P78396",17
"1189","P79386",17
"1190","P79734",17
"1191","P80201",17
"1192","P80204",17
"1193","P81299",17
"1194","P82094",16
"1195","P83101",17
"1196","P83351",16
"1197","P83829",17
"1198","P83831",17
"1199","P84243",17
"1200","P84244",17
"1201","P84245",17
"1202","P85515",17
"1203","P86048",17
"1204","P86049",17
"1205","P86196",17
"1206","P86204",17
"1207","P87379",17
"1208","P90666",17
"1209","P90727",17
"1210","P90838",17
"1211","P90978",17
"1212","P91001",17
"1213","P91420",17
"1214","P91682",17
"1215","P91926",17
"1216","P92029",11
"1217","P92177",17
"1218","P92199",17
"1219","P92208",17
"1220","P97360",17
"1221","P97454",17
"1222","P97471",17
"1223","P97473",17
"1224","P97477",17
"1225","P97588",17
"1226","P97607",17
"1227","P97679",17
"1228","P97698",17
"1229","P97776",17
"1230","P97812",17
"1231","P97857",17
"1232","P97929",17
"1233","P98065",17
"1234","P98066",17
"1235","Q00175",17
"1236","Q00449",17
"1237","Q00536",17
"1238","Q00552",17
"1239","Q00553",17
"1240","Q00554",17
"1241","Q00555",17
"1242","Q00566",17
"1243","Q00709",17
"1244","Q00724",14
"1245","Q00729",15
"1246","Q00899",17
"1247","Q00972",17
"1248","Q00981",17
"1249","Q00993",17
"1250","Q00PJ2",17
"1251","Q00PJ3",17
"1252","Q01063",17
"1253","Q01085",17
"1254","Q01295",7
"1255","Q01320",17
"1256","Q01534",17
"1257","Q01608",15
"1258","Q01705",17
"1259","Q01755",17
"1260","Q01820",17
"1261","Q01842",17
"1262","Q01954",17
"1263","Q01989",17
"1264","Q02248",17
"1265","Q02525",17
"1266","Q02526",17
"1267","Q02548",17
"1268","Q02645",17
"1269","Q02650",17
"1270","Q02748",17
"1271","Q02926",17
"1272","Q02936",17
"1273","Q03017",17
"1274","Q03019",17
"1275","Q03060",16
"1276","Q03061",16
"1277","Q03070",17
"1278","Q03336",17
"1279","Q03410",14
"1280","Q03427",17
"1281","Q03571",17
"1282","Q03933",16
"1283","Q04652",17
"1284","Q04671",17
"1285","Q04735",17
"1286","Q04771",17
"1287","Q04827",17
"1288","Q04886",17
"1289","Q04887",17
"1290","Q04999",17
"1291","Q05201",17
"1292","Q05344",17
"1293","Q05516",17
"1294","Q05831",14
"1295","Q05856",17
"1296","Q05935",17
"1297","Q05AK6",17
"1298","Q05B79",17
"1299","Q05CL8",17
"1300","Q06418",17
"1301","Q06826",17
"1302","Q07008",17
"1303","Q07105",17
"1304","Q07113",16
"1305","Q07230",17
"1306","Q07231",17
"1307","Q07266",17
"1308","Q07292",17
"1309","Q07327",17
"1310","Q07407",17
"1311","Q07436",17
"1312","Q07666",17
"1313","Q07812",17
"1314","Q07813",17
"1315","Q07817",17
"1316","Q07832",17
"1317","Q07889",17
"1318","Q07970",17
"1319","Q07DV2",17
"1320","Q07DV3",17
"1321","Q07DW5",17
"1322","Q07DX5",17
"1323","Q07DX6",17
"1324","Q07DY5",17
"1325","Q07DY6",17
"1326","Q07DZ6",17
"1327","Q07DZ7",17
"1328","Q07E16",17
"1329","Q07E17",17
"1330","Q07E30",17
"1331","Q07E42",17
"1332","Q07E43",17
"1333","Q07FZ4",17
"1334","Q08012",17
"1335","Q08122",17
"1336","Q08156",17
"1337","Q08369",17
"1338","Q08473",17
"1339","Q08AE8",17
"1340","Q08BA6",17
"1341","Q08BH5",17
"1342","Q08D62",17
"1343","Q08E27",17
"1344","Q08J23",17
"1345","Q09147",17
"1346","Q09232",17
"1347","Q09249",17
"1348","Q09309",17
"1349","Q09363",17
"1350","Q09373",17
"1351","Q09406",17
"1352","Q09437",17
"1353","Q09530",17
"1354","Q09967",17
"1355","Q09994",10
"1356","Q09YH0",17
"1357","Q09YH1",17
"1358","Q09YI3",17
"1359","Q09YJ4",17
"1360","Q09YJ5",17
"1361","Q09YK5",17
"1362","Q09YK6",17
"1363","Q09YN0",17
"1364","Q0D6V7",17
"1365","Q0E940",17
"1366","Q0GGX2",17
"1367","Q0KHQ5",17
"1368","Q0P4R6",17
"1369","Q0P557",17
"1370","Q0P5H8",17
"1371","Q0P5Y3",17
"1372","Q0V7M7",17
"1373","Q0V9S9",17
"1374","Q0VC71",17
"1375","Q0VCN3",17
"1376","Q0VCZ3",17
"1377","Q0VFA3",17
"1378","Q0VFN8",16
"1379","Q0VFX2",16
"1380","Q10653",17
"1381","Q10654",17
"1382","Q10664",17
"1383","Q10667",17
"1384","Q10743",17
"1385","Q108U0",17
"1386","Q108U1",17
"1387","Q10943",17
"1388","Q12768",17
"1389","Q12837",17
"1390","Q12866",17
"1391","Q12948",17
"1392","Q13117",17
"1393","Q13162",17
"1394","Q13263",17
"1395","Q13315",17
"1396","Q13485",17
"1397","Q13489",17
"1398","Q13619",17
"1399","Q13635",17
"1400","Q13733",17
"1401","Q13939",17
"1402","Q13976",17
"1403","Q14094",17
"1404","Q14106",17
"1405","Q14141",17
"1406","Q14289",17
"1407","Q14320",17
"1408","Q14410",17
"1409","Q14432",17
"1410","Q14435",17
"1411","Q14508",7
"1412","Q14565",17
"1413","Q14623",17
"1414","Q14671",15
"1415","Q14997",17
"1416","Q14AT2",15
"1417","Q14BI7",17
"1418","Q15003",17
"1419","Q15019",17
"1420","Q15067",17
"1421","Q15102",16
"1422","Q15406",17
"1423","Q15431",15
"1424","Q15493",17
"1425","Q15506",16
"1426","Q15569",17
"1427","Q15645",17
"1428","Q15797",17
"1429","Q15831",17
"1430","Q16181",17
"1431","Q16531",17
"1432","Q16635",17
"1433","Q16836",17
"1434","Q16JS8",17
"1435","Q16YA8",16
"1436","Q16YE7",17
"1437","Q17308",17
"1438","Q17336",17
"1439","Q17339",17
"1440","Q17345",17
"1441","Q17388",17
"1442","Q17390",17
"1443","Q17603",17
"1444","Q17848",17
"1445","Q17QC0",17
"1446","Q17QE5",17
"1447","Q17QN9",17
"1448","Q17RG1",5
"1449","Q18171",16
"1450","Q18891",17
"1451","Q19969",17
"1452","Q1ECV4",17
"1453","Q1HFZ0",17
"1454","Q1JQA2",17
"1455","Q1L981",17
"1456","Q1LX78",17
"1457","Q1LYM3",17
"1458","Q1LZ50",15
"1459","Q1LZ53",15
"1460","Q1RMV9",17
"1461","Q1WG82",13
"1462","Q1XFL1",9
"1463","Q1XG89",17
"1464","Q20168",17
"1465","Q20402",17
"1466","Q20751",17
"1467","Q20757",15
"1468","Q20870",17
"1469","Q20937",17
"1470","Q21086",17
"1471","Q21215",17
"1472","Q21307",17
"1473","Q21443",17
"1474","Q21502",4
"1475","Q21629",17
"1476","Q21898",17
"1477","Q22006",17
"1478","Q22307",17
"1479","Q22531",17
"1480","Q22592",16
"1481","Q22836",17
"1482","Q23120",17
"1483","Q23121",17
"1484","Q23256",17
"1485","Q23288",17
"1486","Q23359",17
"1487","Q23593",17
"1488","Q23651",17
"1489","Q23977",17
"1490","Q23989",17
"1491","Q24009",17
"1492","Q24025",17
"1493","Q24087",17
"1494","Q24093",17
"1495","Q24114",17
"1496","Q24117",17
"1497","Q24120",17
"1498","Q24151",17
"1499","Q24152",16
"1500","Q24157",17
"1501","Q24167",17
"1502","Q24174",5
"1503","Q24192",17
"1504","Q24206",4
"1505","Q24207",17
"1506","Q24210",17
"1507","Q24246",17
"1508","Q24298",17
"1509","Q24306",17
"1510","Q24314",17
"1511","Q24318",17
"1512","Q24324",17
"1513","Q24342",17
"1514","Q24368",17
"1515","Q24509",16
"1516","Q24522",17
"1517","Q24523",17
"1518","Q24524",17
"1519","Q24564",17
"1520","Q24573",17
"1521","Q24592",17
"1522","Q24731",17
"1523","Q24742",17
"1524","Q24747",3
"1525","Q24K21",17
"1526","Q26365",17
"1527","Q27272",17
"1528","Q27297",17
"1529","Q27350",17
"1530","Q27371",15
"1531","Q27601",16
"1532","Q27889",17
"1533","Q28041",17
"1534","Q28068",17
"1535","Q28317",17
"1536","Q28889",17
"1537","Q28DT3",17
"1538","Q28EB4",17
"1539","Q28G87",17
"1540","Q28Z18",17
"1541","Q29380",17
"1542","Q29460",16
"1543","Q295U5",16
"1544","Q296Q5",17
"1545","Q297K8",16
"1546","Q29A33",17
"1547","Q29AK2",17
"1548","Q29CU2",17
"1549","Q29FE9",17
"1550","Q29KT5",17
"1551","Q29L39",17
"1552","Q29RL1",17
"1553","Q2HJ46",17
"1554","Q2HWD6",17
"1555","Q2I327",17
"1556","Q2IA00",17
"1557","Q2IBA1",17
"1558","Q2IBB1",17
"1559","Q2IBB3",17
"1560","Q2IBB4",17
"1561","Q2IBE3",17
"1562","Q2IBE4",17
"1563","Q2IBF5",17
"1564","Q2IBF6",17
"1565","Q2IBG0",17
"1566","Q2KHI9",17
"1567","Q2KHN1",17
"1568","Q2KIY6",17
"1569","Q2KJG1",17
"1570","Q2KJH5",6
"1571","Q2MJB4",17
"1572","Q2MJU7",17
"1573","Q2NKT1",17
"1574","Q2NKY7",17
"1575","Q2NL51",17
"1576","Q2QAV0",17
"1577","Q2QL74",17
"1578","Q2QL83",17
"1579","Q2QL84",17
"1580","Q2QLA3",17
"1581","Q2QLA4",17
"1582","Q2QLB4",17
"1583","Q2QLB5",17
"1584","Q2QLC5",17
"1585","Q2QLC6",17
"1586","Q2QLE5",17
"1587","Q2QLF9",17
"1588","Q2QLG0",17
"1589","Q2QLH0",17
"1590","Q2QLH1",17
"1591","Q2T9M4",17
"1592","Q2T9Q1",17
"1593","Q2T9U2",17
"1594","Q2T9V2",17
"1595","Q2T9W3",17
"1596","Q2T9W4",17
"1597","Q2TA20",16
"1598","Q2TA25",17
"1599","Q2TA45",17
"1600","Q2TAA8",17
"1601","Q2TBH0",17
"1602","Q2TBN3",17
"1603","Q2TBP1",17
"1604","Q2TBQ9",17
"1605","Q2TBR8",17
"1606","Q2TBT7",17
"1607","Q2TBW8",17
"1608","Q2VB19",15
"1609","Q2XU92",17
"1610","Q2YDD9",17
"1611","Q32KD2",17
"1612","Q32KU2",16
"1613","Q32KV2",16
"1614","Q32KZ2",17
"1615","Q32LB1",17
"1616","Q32LI5",17
"1617","Q32LN3",17
"1618","Q32NG0",17
"1619","Q32P12",16
"1620","Q32QL6",17
"1621","Q39024",17
"1622","Q3B7T6",17
"1623","Q3KR54",17
"1624","Q3L1C9",16
"1625","Q3MHS2",17
"1626","Q3MHT3",16
"1627","Q3MHU3",17
"1628","Q3MSQ8",17
"1629","Q3S853",17
"1630","Q3SWU0",13
"1631","Q3SZN0",17
"1632","Q3SZU0",16
"1633","Q3SZW1",17
"1634","Q3T024",17
"1635","Q3T064",17
"1636","Q3T077",17
"1637","Q3T0C2",17
"1638","Q3T0E2",17
"1639","Q3T1I5",17
"1640","Q3TCH7",17
"1641","Q3TP92",17
"1642","Q3TSG4",17
"1643","Q3TUL7",17
"1644","Q3TY65",17
"1645","Q3U1J4",17
"1646","Q3U6K5",17
"1647","Q3UA06",17
"1648","Q3UFB7",17
"1649","Q3UIK4",17
"1650","Q3ULW6",17
"1651","Q3UMC0",17
"1652","Q3URY6",17
"1653","Q3USS3",17
"1654","Q3UWZ0",9
"1655","Q3UXZ9",17
"1656","Q3UZ57",17
"1657","Q3V079",17
"1658","Q3V0B4",17
"1659","Q3V0F0",17
"1660","Q3V0Q6",17
"1661","Q3V0Q7",17
"1662","Q3V132",17
"1663","Q3Y598",17
"1664","Q3ZBL4",16
"1665","Q3ZCM7",17
"1666","Q45VV3",17
"1667","Q497L8",17
"1668","Q497L9",17
"1669","Q4AE28",17
"1670","Q4AEG9",17
"1671","Q4AEH0",17
"1672","Q4AEH1",17
"1673","Q4AEH2",17
"1674","Q4FZQ0",17
"1675","Q4FZV3",17
"1676","Q4G033",17
"1677","Q4G0J3",17
"1678","Q4G0N8",17
"1679","Q4G0U5",17
"1680","Q4G112",2
"1681","Q4JG17",17
"1682","Q4KLH5",17
"1683","Q4KLL5",17
"1684","Q4KLN8",17
"1685","Q4KLY4",16
"1686","Q4KMA2",17
"1687","Q4L208",17
"1688","Q4LBB9",17
"1689","Q4LE39",17
"1690","Q4PJT6",17
"1691","Q4QQT3",17
"1692","Q4QR85",17
"1693","Q4R2Y9",17
"1694","Q4R2Z0",17
"1695","Q4R2Z8",17
"1696","Q4R3A0",17
"1697","Q4R3G4",17
"1698","Q4R3K5",17
"1699","Q4R3Z4",17
"1700","Q4R445",17
"1701","Q4R4D3",17
"1702","Q4R4D5",17
"1703","Q4R4K6",17
"1704","Q4R4X5",17
"1705","Q4R599",17
"1706","Q4R5D9",17
"1707","Q4R5S7",17
"1708","Q4R627",17
"1709","Q4R6C5",17
"1710","Q4R6Q3",17
"1711","Q4R707",17
"1712","Q4R760",17
"1713","Q4R764",17
"1714","Q4R786",17
"1715","Q4R7I4",17
"1716","Q4R7M8",17
"1717","Q4R7Y8",17
"1718","Q4R7Z9",17
"1719","Q4R848",17
"1720","Q4R8B9",17
"1721","Q4R8C3",17
"1722","Q4R8E8",4
"1723","Q4R8G6",17
"1724","Q4R8M0",17
"1725","Q4R8M9",16
"1726","Q4R8V4",17
"1727","Q4R8Y1",17
"1728","Q4TT88",17
"1729","Q4U0Y4",17
"1730","Q4U2R1",17
"1731","Q4U5R4",17
"1732","Q4V7B0",16
"1733","Q4V7C7",17
"1734","Q4V7Y4",17
"1735","Q4V8F3",17
"1736","Q4V8F7",17
"1737","Q4V8F8",17
"1738","Q4V8G5",17
"1739","Q4V8I2",17
"1740","Q4V8I7",17
"1741","Q4YU79",17
"1742","Q4Z8K6",17
"1743","Q502W7",17
"1744","Q502X0",17
"1745","Q52KF3",17
"1746","Q52RN5",17
"1747","Q562C6",16
"1748","Q562E2",5
"1749","Q568P9",17
"1750","Q56A18",16
"1751","Q56A73",1
"1752","Q580P9",13
"1753","Q587J7",17
"1754","Q58CS6",15
"1755","Q58EK5",17
"1756","Q58F21",17
"1757","Q5BJ56",17
"1758","Q5BJF6",17
"1759","Q5BLK4",17
"1760","Q5CZC0",17
"1761","Q5D1Z7",17
"1762","Q5E954",17
"1763","Q5E9F8",17
"1764","Q5E9I7",17
"1765","Q5EA33",17
"1766","Q5EA42",17
"1767","Q5EAK6",17
"1768","Q5EB96",17
"1769","Q5EBL2",17
"1770","Q5F201",17
"1771","Q5F3K4",17
"1772","Q5FC64",17
"1773","Q5FVE4",17
"1774","Q5FVJ6",17
"1775","Q5GLZ8",17
"1776","Q5H9L4",17
"1777","Q5IBH7",16
"1778","Q5IRJ7",17
"1779","Q5IS43",17
"1780","Q5JSS6",17
"1781","Q5JU67",16
"1782","Q5K6N0",17
"1783","Q5M7C8",17
"1784","Q5M7P8",17
"1785","Q5M9Q1",17
"1786","Q5MJ70",16
"1787","Q5NBY9",17
"1788","Q5NC83",17
"1789","Q5NCX5",17
"1790","Q5ND04",2
"1791","Q5PPI9",17
"1792","Q5PQ23",17
"1793","Q5PQN1",17
"1794","Q5PQN6",17
"1795","Q5PQQ6",17
"1796","Q5QN75",17
"1797","Q5QNQ6",17
"1798","Q5R1W1",17
"1799","Q5R481",17
"1800","Q5R4G2",16
"1801","Q5R4I2",17
"1802","Q5R4T2",17
"1803","Q5R4T8",17
"1804","Q5R5N4",17
"1805","Q5R5X3",15
"1806","Q5R6H7",17
"1807","Q5R6R7",17
"1808","Q5R6Y5",17
"1809","Q5R6Z7",16
"1810","Q5R746",17
"1811","Q5R7A8",16
"1812","Q5R7U8",17
"1813","Q5R7V4",17
"1814","Q5R829",17
"1815","Q5R8E2",17
"1816","Q5RA66",17
"1817","Q5RAH6",17
"1818","Q5RAK8",17
"1819","Q5RBG4",17
"1820","Q5RBS4",17
"1821","Q5RBZ2",17
"1822","Q5RC19",17
"1823","Q5RC21",17
"1824","Q5RCD9",17
"1825","Q5RD75",17
"1826","Q5RDR2",17
"1827","Q5RFF0",17
"1828","Q5RGE4",17
"1829","Q5S003",17
"1830","Q5S006",17
"1831","Q5S007",17
"1832","Q5SPW0",17
"1833","Q5SQI0",16
"1834","Q5SSW2",17
"1835","Q5SUE7",17
"1836","Q5SUV2",17
"1837","Q5SV06",17
"1838","Q5SV66",17
"1839","Q5SV77",17
"1840","Q5SW75",17
"1841","Q5SWZ9",17
"1842","Q5SXJ3",17
"1843","Q5SZQ8",17
"1844","Q5SZT7",17
"1845","Q5T1B0",17
"1846","Q5T655",17
"1847","Q5TAP6",17
"1848","Q5TAX3",17
"1849","Q5TYV4",17
"1850","Q5U2N8",17
"1851","Q5U2U2",17
"1852","Q5U2X5",17
"1853","Q5U312",17
"1854","Q5U3G6",17
"1855","Q5U3H9",17
"1856","Q5U3S1",17
"1857","Q5U4E8",17
"1858","Q5U820",17
"1859","Q5UEM7",17
"1860","Q5UU75",17
"1861","Q5VCS6",17
"1862","Q5VYS8",17
"1863","Q5W041",17
"1864","Q5W5U4",17
"1865","Q5XHX6",17
"1866","Q5XHX8",17
"1867","Q5XHX9",17
"1868","Q5XHZ9",17
"1869","Q5XI00",17
"1870","Q5XI01",17
"1871","Q5XI02",17
"1872","Q5XI06",17
"1873","Q5XI14",17
"1874","Q5XI58",17
"1875","Q5XI63",17
"1876","Q5XI65",17
"1877","Q5XI81",17
"1878","Q5XIK7",17
"1879","Q5ZIB9",17
"1880","Q5ZIL4",17
"1881","Q5ZIP4",17
"1882","Q5ZK35",17
"1883","Q5ZKK5",17
"1884","Q5ZLK1",16
"1885","Q5ZM39",17
"1886","Q5ZMS2",16
"1887","Q5ZMV2",17
"1888","Q60547",17
"1889","Q60592",17
"1890","Q60636",17
"1891","Q60665",17
"1892","Q60749",17
"1893","Q60805",17
"1894","Q60809",17
"1895","Q60928",17
"1896","Q60931",17
"1897","Q60969",17
"1898","Q60LW7",17
"1899","Q61025",15
"1900","Q61066",14
"1901","Q61115",17
"1902","Q61164",17
"1903","Q61205",16
"1904","Q61206",16
"1905","Q61241",17
"1906","Q612A4",17
"1907","Q61335",17
"1908","Q61371",16
"1909","Q61425",17
"1910","Q61456",17
"1911","Q61473",17
"1912","Q61488",17
"1913","Q61496",17
"1914","Q61572",17
"1915","Q61584",17
"1916","Q61614",17
"1917","Q61624",17
"1918","Q61687",17
"1919","Q61845",17
"1920","Q61880",17
"1921","Q61884",17
"1922","Q61LA8",17
"1923","Q61UC4",17
"1924","Q62036",17
"1925","Q62052",17
"1926","Q62209",15
"1927","Q62245",17
"1928","Q62318",17
"1929","Q62388",17
"1930","Q62600",17
"1931","Q62673",17
"1932","Q626B1",17
"1933","Q62764",17
"1934","Q62806",17
"1935","Q62865",17
"1936","Q62927",17
"1937","Q63073",17
"1938","Q63132",17
"1939","Q63164",17
"1940","Q63202",17
"1941","Q63247",17
"1942","Q63379",16
"1943","Q63449",17
"1944","Q63520",17
"1945","Q63572",17
"1946","Q63679",16
"1947","Q63686",17
"1948","Q63690",17
"1949","Q63803",17
"1950","Q63850",16
"1951","Q63934",17
"1952","Q63ZG9",17
"1953","Q64060",17
"1954","Q640Z7",15
"1955","Q641A1",17
"1956","Q641W9",17
"1957","Q64249",17
"1958","Q64368",17
"1959","Q64373",17
"1960","Q64374",17
"1961","Q64541",17
"1962","Q64542",17
"1963","Q64612",17
"1964","Q64654",17
"1965","Q64729",17
"1966","Q66H34",7
"1967","Q66H60",17
"1968","Q66HH4",17
"1969","Q66I67",15
"1970","Q66IC9",17
"1971","Q66JG8",17
"1972","Q66JT0",17
"1973","Q66KJ9",17
"1974","Q66KL7",15
"1975","Q68FQ2",7
"1976","Q68FQ8",17
"1977","Q68G30",17
"1978","Q68SB1",16
"1979","Q69AB1",17
"1980","Q69AB2",17
"1981","Q69CM7",17
"1982","Q69Z28",17
"1983","Q6A555",17
"1984","Q6AXN4",16
"1985","Q6AXQ8",17
"1986","Q6AXR4",17
"1987","Q6AY16",17
"1988","Q6AY56",17
"1989","Q6AYJ3",17
"1990","Q6AYJ4",16
"1991","Q6AYK9",17
"1992","Q6AYL6",17
"1993","Q6AYM4",17
"1994","Q6AYX5",17
"1995","Q6AZ28",17
"1996","Q6B966",17
"1997","Q6DC77",17
"1998","Q6DCB7",17
"1999","Q6DCD0",17
"2000","Q6DFA8",17
"2001","Q6DFP9",17
"2002","Q6E3C7",17
"2003","Q6E3C9",17
"2004","Q6E3D0",17
"2005","Q6EJB6",17
"2006","Q6EMB2",17
"2007","Q6GN86",17
"2008","Q6GPB5",17
"2009","Q6GPJ9",17
"2010","Q6GVH4",17
"2011","Q6GVH5",17
"2012","Q6GVM6",17
"2013","Q6GWX0",17
"2014","Q6GX84",17
"2015","Q6GX86",16
"2016","Q6IBW4",17
"2017","Q6IR42",17
"2018","Q6IV68",17
"2019","Q6IV76",17
"2020","Q6IV77",17
"2021","Q6IV82",17
"2022","Q6IV83",17
"2023","Q6IV84",17
"2024","Q6J1I8",17
"2025","Q6J212",17
"2026","Q6J2U6",17
"2027","Q6J5K9",17
"2028","Q6JEL2",17
"2029","Q6JEL3",17
"2030","Q6MG11",16
"2031","Q6MG49",17
"2032","Q6MG62",17
"2033","Q6NN55",17
"2034","Q6NRG0",17
"2035","Q6NRP2",17
"2036","Q6NU04",17
"2037","Q6NU56",17
"2038","Q6NUD0",17
"2039","Q6NUT2",17
"2040","Q6NVS5",17
"2041","Q6NX65",17
"2042","Q6NZ22",17
"2043","Q6NZC7",17
"2044","Q6NZG4",15
"2045","Q6NZQ0",16
"2046","Q6P0Q8",17
"2047","Q6P1E1",17
"2048","Q6P1G2",17
"2049","Q6P2A1",17
"2050","Q6P301",17
"2051","Q6P4W8",17
"2052","Q6P597",17
"2053","Q6P5D8",17
"2054","Q6P6C2",17
"2055","Q6P6R2",17
"2056","Q6P902",17
"2057","Q6P926",16
"2058","Q6P9F0",17
"2059","Q6P9G9",17
"2060","Q6P9Z8",16
"2061","Q6PA26",17
"2062","Q6PAC3",16
"2063","Q6PAV2",17
"2064","Q6PB04",17
"2065","Q6PCI6",17
"2066","Q6PCM1",16
"2067","Q6PDK2",17
"2068","Q6PE87",17
"2069","Q6PEC3",17
"2070","Q6PH52",17
"2071","Q6PI97",6
"2072","Q6PIW4",17
"2073","Q6PQZ2",17
"2074","Q6Q137",17
"2075","Q6Q477",17
"2076","Q6Q759",17
"2077","Q6QMG1",17
"2078","Q6R0H7",17
"2079","Q6RG02",17
"2080","Q6RT24",17
"2081","Q6RUG5",17
"2082","Q6SA08",17
"2083","Q6SEG5",17
"2084","Q6T393",14
"2085","Q6UJY2",17
"2086","Q6UL01",17
"2087","Q6UVJ0",17
"2088","Q6UW60",17
"2089","Q6V3W6",17
"2090","Q6VTH5",17
"2091","Q6VVW5",17
"2092","Q6VY05",17
"2093","Q6WKZ8",17
"2094","Q6XIP0",17
"2095","Q6YHU8",17
"2096","Q6YKA8",17
"2097","Q6YZ49",17
"2098","Q6ZMY3",17
"2099","Q6ZN68",17
"2100","Q6ZPE2",17
"2101","Q6ZQN7",17
"2102","Q6ZTR5",17
"2103","Q6ZTW0",17
"2104","Q6ZU15",17
"2105","Q6ZU64",17
"2106","Q6ZU80",17
"2107","Q6ZWR6",17
"2108","Q70FJ1",17
"2109","Q715S9",17
"2110","Q715T0",17
"2111","Q71MB6",17
"2112","Q71MM5",17
"2113","Q76CY5",17
"2114","Q76HL1",17
"2115","Q76I76",17
"2116","Q76I89",17
"2117","Q76II0",17
"2118","Q76L87",17
"2119","Q76MZ3",17
"2120","Q78DX7",17
"2121","Q78EH2",17
"2122","Q78Y63",17
"2123","Q7JII7",17
"2124","Q7JII8",17
"2125","Q7JQF1",17
"2126","Q7JVI3",17
"2127","Q7JW27",17
"2128","Q7JXF5",16
"2129","Q7JXF7",16
"2130","Q7JXV9",17
"2131","Q7K1V5",16
"2132","Q7K2D2",17
"2133","Q7K2X8",17
"2134","Q7K4V4",17
"2135","Q7KHG2",17
"2136","Q7KN62",17
"2137","Q7KNS3",17
"2138","Q7KPA5",17
"2139","Q7KQZ4",1
"2140","Q7KRY6",17
"2141","Q7KRY7",17
"2142","Q7KTH8",15
"2143","Q7KTX7",17
"2144","Q7KU24",17
"2145","Q7M6U3",17
"2146","Q7M6Y6",17
"2147","Q7M753",17
"2148","Q7PLK0",17
"2149","Q7QCW2",17
"2150","Q7QIQ6",17
"2151","Q7T019",17
"2152","Q7T1H5",17
"2153","Q7T394",17
"2154","Q7T3H1",17
"2155","Q7T3T8",10
"2156","Q7T3T9",10
"2157","Q7T3U0",10
"2158","Q7TMA5",17
"2159","Q7TSG3",13
"2160","Q7TSX9",10
"2161","Q7YQM4",17
"2162","Q7YRJ7",17
"2163","Q7Z333",17
"2164","Q7Z3Z3",17
"2165","Q7Z3Z4",17
"2166","Q7Z4M0",2
"2167","Q7Z4T8",17
"2168","Q7Z4T9",17
"2169","Q7Z5A4",17
"2170","Q7Z745",17
"2171","Q7Z7G8",17
"2172","Q7Z7L9",17
"2173","Q7ZTQ5",17
"2174","Q7ZUS1",17
"2175","Q7ZV84",17
"2176","Q7ZVH1",17
"2177","Q7ZVT3",17
"2178","Q7ZW47",16
"2179","Q7ZWE3",17
"2180","Q7ZX20",17
"2181","Q7ZXJ7",17
"2182","Q7ZY81",17
"2183","Q7ZYQ6",17
"2184","Q801D8",17
"2185","Q801G2",17
"2186","Q802V6",17
"2187","Q803C1",17
"2188","Q803D2",17
"2189","Q803X4",17
"2190","Q804A9",17
"2191","Q80SU3",10
"2192","Q80TY5",17
"2193","Q80U78",15
"2194","Q80V62",17
"2195","Q80VL1",17
"2196","Q80W32",17
"2197","Q80WG5",17
"2198","Q80XI3",17
"2199","Q80YT5",14
"2200","Q80ZE4",17
"2201","Q80ZE5",17
"2202","Q811Q9",17
"2203","Q811W2",17
"2204","Q84M92",17
"2205","Q851R2",17
"2206","Q865K8",17
"2207","Q865K9",17
"2208","Q866F4",17
"2209","Q867Z4",1
"2210","Q86B61",17
"2211","Q86QH9",13
"2212","Q86QI0",15
"2213","Q86S05",16
"2214","Q86SG3",17
"2215","Q86SH2",10
"2216","Q86U44",17
"2217","Q86VD1",17
"2218","Q86VQ3",17
"2219","Q86VQ6",17
"2220","Q86VW1",17
"2221","Q86W24",17
"2222","Q86W54",17
"2223","Q86WK9",17
"2224","Q86WS5",17
"2225","Q86X24",17
"2226","Q86XQ3",1
"2227","Q86XR8",17
"2228","Q86YF9",17
"2229","Q8AYG3",17
"2230","Q8BGD4",17
"2231","Q8BGQ1",17
"2232","Q8BH53",17
"2233","Q8BH57",17
"2234","Q8BH60",17
"2235","Q8BHC7",17
"2236","Q8BHD1",17
"2237","Q8BI22",17
"2238","Q8BIL5",17
"2239","Q8BIW9",17
"2240","Q8BJ34",17
"2241","Q8BLA1",17
"2242","Q8BMD2",17
"2243","Q8BPA8",17
"2244","Q8BPN8",17
"2245","Q8BPT6",17
"2246","Q8BPY9",17
"2247","Q8BRC6",17
"2248","Q8BS45",17
"2249","Q8BSK8",17
"2250","Q8BSN3",17
"2251","Q8BSP2",17
"2252","Q8BUL6",17
"2253","Q8BUR3",17
"2254","Q8BVN3",6
"2255","Q8BVN8",17
"2256","Q8BVN9",17
"2257","Q8BW49",17
"2258","Q8BWR2",17
"2259","Q8BWY9",17
"2260","Q8BX90",17
"2261","Q8BZT7",17
"2262","Q8C0P0",17
"2263","Q8C0R7",17
"2264","Q8C0S4",17
"2265","Q8C0T9",17
"2266","Q8C156",17
"2267","Q8C1R0",17
"2268","Q8C1Z7",17
"2269","Q8C2E7",17
"2270","Q8C3P7",17
"2271","Q8C5S7",16
"2272","Q8C5W4",17
"2273","Q8C6P8",17
"2274","Q8C6S9",17
"2275","Q8C9J3",17
"2276","Q8C9W3",17
"2277","Q8C9X6",17
"2278","Q8CDE2",17
"2279","Q8CDG1",17
"2280","Q8CDL9",17
"2281","Q8CDN8",17
"2282","Q8CDR2",17
"2283","Q8CDT7",17
"2284","Q8CDV6",17
"2285","Q8CEE0",17
"2286","Q8CEL2",17
"2287","Q8CFA7",17
"2288","Q8CFF0",17
"2289","Q8CG03",17
"2290","Q8CG27",17
"2291","Q8CGC4",17
"2292","Q8CGT6",17
"2293","Q8CGW4",17
"2294","Q8CGW9",17
"2295","Q8CHB8",17
"2296","Q8CHK4",17
"2297","Q8CHN6",17
"2298","Q8CIG3",17
"2299","Q8CIN6",17
"2300","Q8CIS9",12
"2301","Q8CIW6",17
"2302","Q8CJ27",17
"2303","Q8CJ78",17
"2304","Q8CJF8",17
"2305","Q8HXP8",17
"2306","Q8HXP9",17
"2307","Q8HXQ0",17
"2308","Q8HXQ1",17
"2309","Q8HXQ2",17
"2310","Q8HXQ3",17
"2311","Q8HXQ4",17
"2312","Q8I0G5",16
"2313","Q8I719",17
"2314","Q8I7C3",17
"2315","Q8ICR0",17
"2316","Q8IKD3",17
"2317","Q8INB9",17
"2318","Q8IRY7",17
"2319","Q8IUH8",17
"2320","Q8IUQ4",15
"2321","Q8IWB6",17
"2322","Q8IWT6",17
"2323","Q8IWV8",17
"2324","Q8IXK0",17
"2325","Q8IXT2",17
"2326","Q8IY31",15
"2327","Q8IY82",17
"2328","Q8IYE0",17
"2329","Q8IYF3",15
"2330","Q8IYM1",17
"2331","Q8IYR0",17
"2332","Q8IYX1",17
"2333","Q8IYX4",17
"2334","Q8IZP9",17
"2335","Q8IZT6",17
"2336","Q8IZU3",17
"2337","Q8IZX4",17
"2338","Q8JZX3",17
"2339","Q8K0T4",17
"2340","Q8K135",17
"2341","Q8K1H1",17
"2342","Q8K1P7",17
"2343","Q8K1S6",17
"2344","Q8K214",17
"2345","Q8K2K6",17
"2346","Q8K337",17
"2347","Q8K341",16
"2348","Q8K3Y3",17
"2349","Q8K450",17
"2350","Q8K4E0",3
"2351","Q8L7Y8",17
"2352","Q8LNZ2",17
"2353","Q8MIT6",17
"2354","Q8MJY8",17
"2355","Q8MKW7",17
"2356","Q8MNV0",17
"2357","Q8MPP3",17
"2358","Q8MQJ9",17
"2359","Q8MSX1",16
"2360","Q8MUK3",17
"2361","Q8N0X2",17
"2362","Q8N196",17
"2363","Q8N1V2",17
"2364","Q8N2A8",17
"2365","Q8N3J3",16
"2366","Q8N427",17
"2367","Q8N4E4",17
"2368","Q8N4H0",17
"2369","Q8N635",17
"2370","Q8N6L0",2
"2371","Q8N7R7",17
"2372","Q8N7X0",16
"2373","Q8N807",17
"2374","Q8N815",17
"2375","Q8N8Y5",17
"2376","Q8N9W6",17
"2377","Q8NA47",17
"2378","Q8NA58",17
"2379","Q8NAT2",17
"2380","Q8NB78",17
"2381","Q8NB90",17
"2382","Q8NCV1",14
"2383","Q8ND07",17
"2384","Q8ND76",17
"2385","Q8NDG6",17
"2386","Q8NDM7",17
"2387","Q8NDW8",17
"2388","Q8NEA9",17
"2389","Q8NEH6",17
"2390","Q8NEN0",17
"2391","Q8NF91",17
"2392","Q8NHM5",17
"2393","Q8NHR7",17
"2394","Q8NHR9",17
"2395","Q8NHS9",16
"2396","Q8NHU2",17
"2397","Q8NHU6",17
"2398","Q8NI51",17
"2399","Q8NI77",17
"2400","Q8R0C3",17
"2401","Q8R0X7",17
"2402","Q8R1M2",17
"2403","Q8R1N0",17
"2404","Q8R235",6
"2405","Q8R2J9",17
"2406","Q8R3G9",17
"2407","Q8R418",17
"2408","Q8R496",16
"2409","Q8R4D1",17
"2410","Q8R500",17
"2411","Q8R534",17
"2412","Q8R5M8",17
"2413","Q8SWR8",17
"2414","Q8SWX0",9
"2415","Q8SXY6",17
"2416","Q8SYG2",17
"2417","Q8T0Q4",17
"2418","Q8T0S6",17
"2419","Q8T4F7",17
"2420","Q8T6B9",17
"2421","Q8TAA3",17
"2422","Q8TAF3",17
"2423","Q8TB22",14
"2424","Q8TBY0",17
"2425","Q8TBY8",11
"2426","Q8TBZ2",17
"2427","Q8TC36",17
"2428","Q8TC44",17
"2429","Q8TC57",17
"2430","Q8TC59",17
"2431","Q8TC94",17
"2432","Q8TDB8",17
"2433","Q8TDI0",17
"2434","Q8TE57",17
"2435","Q8TEB9",17
"2436","Q8TEY5",17
"2437","Q8TEZ7",17
"2438","Q8UVX0",17
"2439","Q8VC56",17
"2440","Q8VCB1",16
"2441","Q8VCC1",17
"2442","Q8VCT9",17
"2443","Q8VD46",17
"2444","Q8VDD8",16
"2445","Q8VE42",17
"2446","Q8VHG5",8
"2447","Q8VHK9",17
"2448","Q8VI95",9
"2449","Q8VIF2",17
"2450","Q8VIG2",17
"2451","Q8VIG3",17
"2452","Q8VIH1",17
"2453","Q8W1W6",17
"2454","Q8WMX6",17
"2455","Q8WMX7",17
"2456","Q8WMX8",17
"2457","Q8WNV5",17
"2458","Q8WP13",17
"2459","Q8WP14",17
"2460","Q8WP23",17
"2461","Q8WUE5",12
"2462","Q8WUU4",17
"2463","Q8WVK7",4
"2464","Q8WVL7",17
"2465","Q8WW33",16
"2466","Q8WWH4",17
"2467","Q8WWL2",17
"2468","Q8WWU5",17
"2469","Q8WXD0",17
"2470","Q8WY41",17
"2471","Q8WYA0",17
"2472","Q8WYJ6",17
"2473","Q8WYR4",17
"2474","Q90674",17
"2475","Q90WE3",17
"2476","Q90WW1",17
"2477","Q90WZ0",15
"2478","Q90Z37",17
"2479","Q90ZK6",17
"2480","Q91372",17
"2481","Q91V33",17
"2482","Q91V51",17
"2483","Q91W40",17
"2484","Q91WD7",17
"2485","Q91WF0",17
"2486","Q91WM1",17
"2487","Q91XU1",17
"2488","Q91XW8",17
"2489","Q91Y44",17
"2490","Q91Y81",17
"2491","Q91YA8",17
"2492","Q91YA9",17
"2493","Q91YB0",17
"2494","Q91YB2",17
"2495","Q91YT7",17
"2496","Q91ZR5",1
"2497","Q91ZZ5",17
"2498","Q920G9",17
"2499","Q920M9",15
"2500","Q920N1",17
"2501","Q921E6",16
"2502","Q922X9",17
"2503","Q923E4",17
"2504","Q923S6",17
"2505","Q923V8",17
"2506","Q924C9",17
"2507","Q924H5",17
"2508","Q924M5",17
"2509","Q924U5",17
"2510","Q924X7",17
"2511","Q925K9",17
"2512","Q92750",17
"2513","Q92843",17
"2514","Q92847",17
"2515","Q92879",17
"2516","Q92904",17
"2517","Q92949",17
"2518","Q92993",17
"2519","Q93008",17
"2520","Q93847",17
"2521","Q94230",16
"2522","Q94261",17
"2523","Q94517",17
"2524","Q94524",17
"2525","Q94890",17
"2526","Q94899",17
"2527","Q94901",17
"2528","Q94920",17
"2529","Q94981",17
"2530","Q94FL7",17
"2531","Q95078",17
"2532","Q95192",17
"2533","Q95194",17
"2534","Q95JL1",17
"2535","Q95JL6",17
"2536","Q95JQ1",17
"2537","Q95JR6",17
"2538","Q95JU3",17
"2539","Q95JV3",14
"2540","Q95JX4",17
"2541","Q95LM0",17
"2542","Q95LP5",17
"2543","Q95LR0",17
"2544","Q95LY5",17
"2545","Q95PZ0",17
"2546","Q95PZ9",17
"2547","Q95Q89",17
"2548","Q95QG8",17
"2549","Q95RA8",17
"2550","Q95RU0",17
"2551","Q95TJ9",14
"2552","Q95YF3",17
"2553","Q95YJ5",17
"2554","Q960N3",3
"2555","Q960V3",15
"2556","Q960Z0",17
"2557","Q961G1",17
"2558","Q966L9",17
"2559","Q969R2",17
"2560","Q969S6",6
"2561","Q96A08",15
"2562","Q96A70",17
"2563","Q96BD8",17
"2564","Q96BZ9",17
"2565","Q96C74",17
"2566","Q96EB6",17
"2567","Q96EP5",17
"2568","Q96EQ9",17
"2569","Q96GX5",17
"2570","Q96IK5",17
"2571","Q96J94",17
"2572","Q96JN8",17
"2573","Q96JY0",17
"2574","Q96KQ7",17
"2575","Q96KX2",17
"2576","Q96L12",17
"2577","Q96L21",17
"2578","Q96M20",17
"2579","Q96M69",17
"2580","Q96M86",17
"2581","Q96M91",17
"2582","Q96M93",17
"2583","Q96M95",17
"2584","Q96M98",15
"2585","Q96MA1",17
"2586","Q96MC2",17
"2587","Q96MC6",17
"2588","Q96MR6",17
"2589","Q96MT7",17
"2590","Q96MU7",17
"2591","Q96N23",17
"2592","Q96NB3",17
"2593","Q96PF2",17
"2594","Q96PN6",17
"2595","Q96PN8",17
"2596","Q96PU8",17
"2597","Q96PU9",17
"2598","Q96RK4",17
"2599","Q96RN1",17
"2600","Q96S42",17
"2601","Q96S53",17
"2602","Q96SB4",17
"2603","Q96SC8",17
"2604","Q96SI9",17
"2605","Q96T52",17
"2606","Q98938",17
"2607","Q98SJ2",17
"2608","Q99323",17
"2609","Q99417",16
"2610","Q99496",16
"2611","Q99542",17
"2612","Q99598",17
"2613","Q99608",17
"2614","Q99717",17
"2615","Q99828",17
"2616","Q99932",17
"2617","Q99999",17
"2618","Q99JX3",17
"2619","Q99L45",17
"2620","Q99MD6",17
"2621","Q99MH5",17
"2622","Q99MH6",17
"2623","Q99MH9",17
"2624","Q99MI9",17
"2625","Q99MK2",17
"2626","Q99MS8",17
"2627","Q99MT2",17
"2628","Q99MU5",17
"2629","Q99MV1",17
"2630","Q99MV5",17
"2631","Q99MV7",17
"2632","Q99MX1",17
"2633","Q99N64",17
"2634","Q99P25",17
"2635","Q99P50",17
"2636","Q99PW7",17
"2637","Q9ATL2",17
"2638","Q9BG89",17
"2639","Q9BG91",17
"2640","Q9BG93",17
"2641","Q9BG94",17
"2642","Q9BG96",17
"2643","Q9BG97",17
"2644","Q9BGN8",17
"2645","Q9BKU4",17
"2646","Q9BQA1",17
"2647","Q9BRQ0",11
"2648","Q9BSE4",16
"2649","Q9BTM1",17
"2650","Q9BTX1",16
"2651","Q9BVM2",17
"2652","Q9BW62",17
"2653","Q9BW83",17
"2654","Q9BX26",13
"2655","Q9BX40",17
"2656","Q9BX63",17
"2657","Q9BX67",8
"2658","Q9BXA6",17
"2659","Q9BXA7",17
"2660","Q9BXB1",17
"2661","Q9BXC9",17
"2662","Q9BXS9",17
"2663","Q9BXT4",17
"2664","Q9BXT6",17
"2665","Q9BXT8",17
"2666","Q9BXU7",17
"2667","Q9BXW9",17
"2668","Q9BY12",17
"2669","Q9BY67",17
"2670","Q9BYT3",17
"2671","Q9BZ23",17
"2672","Q9BZA8",17
"2673","Q9BZC1",17
"2674","Q9BZW7",17
"2675","Q9BZX4",17
"2676","Q9C093",17
"2677","Q9C0J8",17
"2678","Q9CPV1",17
"2679","Q9CQ29",17
"2680","Q9CQ70",17
"2681","Q9CQI4",1
"2682","Q9CQJ4",16
"2683","Q9CR14",17
"2684","Q9CUU3",13
"2685","Q9CWF6",17
"2686","Q9CWH4",11
"2687","Q9CWH6",17
"2688","Q9CWR8",15
"2689","Q9CWU0",17
"2690","Q9CWV1",17
"2691","Q9CX30",17
"2692","Q9CYD3",16
"2693","Q9CYR6",16
"2694","Q9D0F1",17
"2695","Q9D0P5",11
"2696","Q9D0P8",17
"2697","Q9D180",17
"2698","Q9D1P2",17
"2699","Q9D287",17
"2700","Q9D2A5",17
"2701","Q9D2E1",17
"2702","Q9D2F7",17
"2703","Q9D2H2",17
"2704","Q9D3R9",17
"2705","Q9D411",17
"2706","Q9D439",17
"2707","Q9D489",16
"2708","Q9D494",17
"2709","Q9D4G2",15
"2710","Q9D4I2",15
"2711","Q9D4M9",17
"2712","Q9D4R2",17
"2713","Q9D513",17
"2714","Q9D5P4",17
"2715","Q9D5S7",17
"2716","Q9D5T7",17
"2717","Q9D5U8",17
"2718","Q9D5V2",17
"2719","Q9D666",17
"2720","Q9D6H2",15
"2721","Q9D6I3",17
"2722","Q9D8B7",9
"2723","Q9D8T7",1
"2724","Q9D995",17
"2725","Q9D9D3",17
"2726","Q9D9I4",17
"2727","Q9D9Q6",17
"2728","Q9D9W0",12
"2729","Q9DA32",17
"2730","Q9DA97",17
"2731","Q9DAA4",14
"2732","Q9DAK2",17
"2733","Q9DAN1",17
"2734","Q9DAN6",16
"2735","Q9DAN9",17
"2736","Q9DBR1",17
"2737","Q9DCU0",17
"2738","Q9DG10",17
"2739","Q9EP71",17
"2740","Q9EPW1",17
"2741","Q9EQ00",17
"2742","Q9EQN9",7
"2743","Q9EQQ0",17
"2744","Q9ERS8",17
"2745","Q9ERV1",17
"2746","Q9ES18",17
"2747","Q9ESC8",16
"2748","Q9ESG2",17
"2749","Q9ESK4",17
"2750","Q9ESV6",17
"2751","Q9ESW0",17
"2752","Q9ET26",17
"2753","Q9FJ92",17
"2754","Q9FJV0",17
"2755","Q9FR97",17
"2756","Q9FVX0",17
"2757","Q9FXI7",17
"2758","Q9GK68",17
"2759","Q9GKQ9",17
"2760","Q9GKR7",17
"2761","Q9GL51",17
"2762","Q9GQQ0",17
"2763","Q9GRC0",17
"2764","Q9GS00",17
"2765","Q9GZP4",17
"2766","Q9GZV4",17
"2767","Q9GZV8",17
"2768","Q9H000",17
"2769","Q9H091",17
"2770","Q9H095",17
"2771","Q9H0A9",11
"2772","Q9H0C1",17
"2773","Q9H0C2",17
"2774","Q9H0D2",17
"2775","Q9H0D6",17
"2776","Q9H0H5",17
"2777","Q9H0K4",17
"2778","Q9H0M4",17
"2779","Q9H160",17
"2780","Q9H1J1",17
"2781","Q9H2F5",17
"2782","Q9H2U1",17
"2783","Q9H3C7",17
"2784","Q9H3D4",17
"2785","Q9H6I2",17
"2786","Q9H6S0",17
"2787","Q9H7Z6",17
"2788","Q9H892",17
"2789","Q9H8Y8",17
"2790","Q9H9C1",17
"2791","Q9H9J4",17
"2792","Q9H9Z2",17
"2793","Q9HAT0",17
"2794","Q9HB21",17
"2795","Q9HB31",17
"2796","Q9HB65",17
"2797","Q9HBE1",17
"2798","Q9HCE5",17
"2799","Q9HCK5",17
"2800","Q9JHB5",17
"2801","Q9JHE4",17
"2802","Q9JHI0",17
"2803","Q9JHJ7",17
"2804","Q9JHQ5",16
"2805","Q9JHX0",17
"2806","Q9JI59",4
"2807","Q9JI70",17
"2808","Q9JII5",17
"2809","Q9JJC9",17
"2810","Q9JJF2",17
"2811","Q9JJP6",17
"2812","Q9JJV8",17
"2813","Q9JJY4",17
"2814","Q9JJZ1",17
"2815","Q9JJZ2",17
"2816","Q9JJZ4",17
"2817","Q9JK91",17
"2818","Q9JKB3",17
"2819","Q9JKB5",17
"2820","Q9JKU6",17
"2821","Q9JKV1",16
"2822","Q9JL04",17
"2823","Q9JL70",17
"2824","Q9JLI7",17
"2825","Q9JLN9",17
"2826","Q9JLP1",17
"2827","Q9JMB1",17
"2828","Q9JMB5",16
"2829","Q9JMB7",17
"2830","Q9JMD1",17
"2831","Q9JMD2",17
"2832","Q9JMK8",17
"2833","Q9LDN0",17
"2834","Q9MZ13",17
"2835","Q9N2J2",17
"2836","Q9N2W5",16
"2837","Q9N359",17
"2838","Q9N425",15
"2839","Q9N5A0",17
"2840","Q9N5D3",17
"2841","Q9N5M6",15
"2842","Q9N6P4",17
"2843","Q9NBD7",17
"2844","Q9NDC9",17
"2845","Q9NDJ2",17
"2846","Q9NDM2",17
"2847","Q9NFU0",17
"2848","Q9NHV9",17
"2849","Q9NI63",17
"2850","Q9NK54",5
"2851","Q9NLA3",17
"2852","Q9NPC3",16
"2853","Q9NPE6",17
"2854","Q9NPJ1",17
"2855","Q9NQ48",16
"2856","Q9NQI0",17
"2857","Q9NQV7",17
"2858","Q9NQZ3",17
"2859","Q9NR21",17
"2860","Q9NR63",17
"2861","Q9NR90",17
"2862","Q9NU63",17
"2863","Q9NUL3",16
"2864","Q9NV06",17
"2865","Q9NVE4",17
"2866","Q9NVM4",17
"2867","Q9NVP2",17
"2868","Q9NW38",17
"2869","Q9NWH7",17
"2870","Q9NX45",16
"2871","Q9NXG0",17
"2872","Q9NXK6",17
"2873","Q9NXL9",17
"2874","Q9NY65",17
"2875","Q9NZ20",17
"2876","Q9NZ56",17
"2877","Q9P0K7",17
"2878","Q9P0K8",17
"2879","Q9P1Q0",17
"2880","Q9P2B7",17
"2881","Q9P2D7",17
"2882","Q9P2T0",4
"2883","Q9PTR5",17
"2884","Q9PU13",16
"2885","Q9PW80",17
"2886","Q9QUM7",17
"2887","Q9QVP9",17
"2888","Q9QWH1",17
"2889","Q9QXK2",10
"2890","Q9QXM0",17
"2891","Q9QXQ5",17
"2892","Q9QXW4",17
"2893","Q9QY02",17
"2894","Q9QY15",17
"2895","Q9QY16",17
"2896","Q9QY53",17
"2897","Q9QY84",17
"2898","Q9QYE5",17
"2899","Q9QYP2",17
"2900","Q9QYS9",17
"2901","Q9QZ59",17
"2902","Q9QZ81",17
"2903","Q9QZC4",17
"2904","Q9QZE7",17
"2905","Q9QZH2",17
"2906","Q9R010",17
"2907","Q9R064",17
"2908","Q9R095",17
"2909","Q9R0A3",11
"2910","Q9R0H0",17
"2911","Q9R0P9",17
"2912","Q9R157",17
"2913","Q9R158",17
"2914","Q9R159",17
"2915","Q9R160",17
"2916","Q9R190",17
"2917","Q9R1D1",17
"2918","Q9R1K9",17
"2919","Q9R1M3",17
"2920","Q9R1R4",17
"2921","Q9R1T4",17
"2922","Q9R1V3",17
"2923","Q9R1Z0",17
"2924","Q9S773",17
"2925","Q9SF37",17
"2926","Q9SFU0",17
"2927","Q9SKI4",17
"2928","Q9SL67",17
"2929","Q9SND6",17
"2930","Q9STX9",17
"2931","Q9SX24",1
"2932","Q9SZD4",17
"2933","Q9TSP5",17
"2934","Q9TT01",17
"2935","Q9TT13",17
"2936","Q9TU19",17
"2937","Q9TUG3",17
"2938","Q9TUQ2",17
"2939","Q9TVL3",17
"2940","Q9TVW5",1
"2941","Q9TXH9",17
"2942","Q9U1H0",17
"2943","Q9U1K1",17
"2944","Q9U2Q9",17
"2945","Q9U357",10
"2946","Q9U3A0",17
"2947","Q9U3V9",17
"2948","Q9U405",17
"2949","Q9U489",17
"2950","Q9U6Y9",17
"2951","Q9UFD9",17
"2952","Q9UGV2",17
"2953","Q9UHB7",16
"2954","Q9UHC1",17
"2955","Q9UHI6",17
"2956","Q9UHI8",17
"2957","Q9UHJ3",17
"2958","Q9UHL0",17
"2959","Q9UII6",17
"2960","Q9UJA3",17
"2961","Q9UJC3",17
"2962","Q9UJW3",15
"2963","Q9UKB1",17
"2964","Q9UKF5",17
"2965","Q9UKQ2",17
"2966","Q9UKT4",12
"2967","Q9ULJ6",17
"2968","Q9UMX1",17
"2969","Q9UMX2",15
"2970","Q9UPN4",17
"2971","Q9UPW0",17
"2972","Q9UQR1",17
"2973","Q9V345",17
"2974","Q9V3A4",17
"2975","Q9V3I2",17
"2976","Q9V3I5",17
"2977","Q9V3L1",17
"2978","Q9V3P0",17
"2979","Q9V3U2",17
"2980","Q9V3U9",17
"2981","Q9V3Y2",17
"2982","Q9V407",17
"2983","Q9V427",17
"2984","Q9V463",17
"2985","Q9V466",17
"2986","Q9V4P1",17
"2987","Q9V4Q8",17
"2988","Q9V4S8",16
"2989","Q9V535",17
"2990","Q9V576",17
"2991","Q9V5C6",17
"2992","Q9V5M3",1
"2993","Q9V5M6",1
"2994","Q9V629",14
"2995","Q9V637",14
"2996","Q9V6G5",17
"2997","Q9V730",17
"2998","Q9V785",17
"2999","Q9V7A4",17
"3000","Q9V7P1",17
"3001","Q9V853",17
"3002","Q9V877",17
"3003","Q9V8K2",16
"3004","Q9V8P9",16
"3005","Q9VA38",17
"3006","Q9VAD6",17
"3007","Q9VAF5",17
"3008","Q9VAW5",16
"3009","Q9VAY3",17
"3010","Q9VB08",16
"3011","Q9VC35",17
"3012","Q9VC45",17
"3013","Q9VCE6",17
"3014","Q9VCU9",17
"3015","Q9VCX1",17
"3016","Q9VCY3",17
"3017","Q9VD83",3
"3018","Q9VDE5",17
"3019","Q9VDE6",17
"3020","Q9VDQ7",16
"3021","Q9VEG6",17
"3022","Q9VEI3",17
"3023","Q9VEN1",17
"3024","Q9VEX5",16
"3025","Q9VEZ3",17
"3026","Q9VF26",17
"3027","Q9VF87",17
"3028","Q9VFG8",17
"3029","Q9VFJ3",10
"3030","Q9VFM9",17
"3031","Q9VFX1",17
"3032","Q9VH14",14
"3033","Q9VH19",17
"3034","Q9VH70",17
"3035","Q9VHA0",17
"3036","Q9VHI4",6
"3037","Q9VHP0",17
"3038","Q9VHS8",17
"3039","Q9VIL0",17
"3040","Q9VJD3",17
"3041","Q9VJL6",17
"3042","Q9VJN5",17
"3043","Q9VJY9",17
"3044","Q9VK33",17
"3045","Q9VK45",17
"3046","Q9VKD7",17
"3047","Q9VKJ9",17
"3048","Q9VKK1",17
"3049","Q9VKM1",17
"3050","Q9VKN7",17
"3051","Q9VKU7",17
"3052","Q9VKV8",17
"3053","Q9VKW2",17
"3054","Q9VL52",17
"3055","Q9VLC0",17
"3056","Q9VLT1",17
"3057","Q9VLT5",17
"3058","Q9VLU0",16
"3059","Q9VM21",17
"3060","Q9VM91",17
"3061","Q9VM92",17
"3062","Q9VM95",16
"3063","Q9VMJ7",17
"3064","Q9VMN5",17
"3065","Q9VMW9",17
"3066","Q9VNE2",17
"3067","Q9VNH6",17
"3068","Q9VNJ5",17
"3069","Q9VNP5",17
"3070","Q9VNS0",3
"3071","Q9VNV3",17
"3072","Q9VNX8",17
"3073","Q9VQ89",17
"3074","Q9VQ91",17
"3075","Q9VQ93",17
"3076","Q9VQQ9",17
"3077","Q9VRM7",17
"3078","Q9VRN5",17
"3079","Q9VRX6",10
"3080","Q9VS46",17
"3081","Q9VSE2",17
"3082","Q9VSL7",17
"3083","Q9VSR3",17
"3084","Q9VT28",17
"3085","Q9VT65",17
"3086","Q9VT70",17
"3087","Q9VTH0",17
"3088","Q9VU68",17
"3089","Q9VU87",16
"3090","Q9VUB4",17
"3091","Q9VUF8",17
"3092","Q9VUQ5",17
"3093","Q9VUV9",17
"3094","Q9VUW9",17
"3095","Q9VUZ1",17
"3096","Q9VV74",3
"3097","Q9VVU5",17
"3098","Q9VVX5",17
"3099","Q9VW15",17
"3100","Q9VW71",17
"3101","Q9VW97",17
"3102","Q9VWE0",16
"3103","Q9VWR5",17
"3104","Q9VXA0",17
"3105","Q9VXG8",17
"3106","Q9VY77",17
"3107","Q9VYD1",17
"3108","Q9VYS4",17
"3109","Q9VZI2",17
"3110","Q9W032",17
"3111","Q9W074",17
"3112","Q9W0E3",17
"3113","Q9W0S7",17
"3114","Q9W0T1",17
"3115","Q9W0V1",17
"3116","Q9W148",7
"3117","Q9W1F4",17
"3118","Q9W1I2",17
"3119","Q9W1I9",16
"3120","Q9W1M8",17
"3121","Q9W2E7",17
"3122","Q9W2N0",17
"3123","Q9W2R3",17
"3124","Q9W3Y4",17
"3125","Q9W415",17
"3126","Q9W420",17
"3127","Q9W4X9",17
"3128","Q9WTJ2",17
"3129","Q9WTJ6",17
"3130","Q9WTK2",17
"3131","Q9WTK7",17
"3132","Q9WTK8",17
"3133","Q9WTL8",17
"3134","Q9WU65",17
"3135","Q9WU82",17
"3136","Q9WUD9",17
"3137","Q9WUQ1",17
"3138","Q9WUT3",17
"3139","Q9WUV6",17
"3140","Q9WV27",17
"3141","Q9WV60",17
"3142","Q9WVB3",17
"3143","Q9WVC0",17
"3144","Q9WVC8",17
"3145","Q9WVH4",17
"3146","Q9WVK7",17
"3147","Q9WVL5",17
"3148","Q9WVM1",17
"3149","Q9WVQ0",15
"3150","Q9WVS9",17
"3151","Q9XTF3",17
"3152","Q9XTN2",16
"3153","Q9XTT4",17
"3154","Q9XUC4",17
"3155","Q9XXU9",17
"3156","Q9XYF4",17
"3157","Q9XYM0",17
"3158","Q9XYP7",17
"3159","Q9XYP8",17
"3160","Q9XZ06",17
"3161","Q9XZ14",17
"3162","Q9XZ58",17
"3163","Q9XZL8",16
"3164","Q9Y0A1",17
"3165","Q9Y149",17
"3166","Q9Y219",17
"3167","Q9Y232",17
"3168","Q9Y238",17
"3169","Q9Y265",17
"3170","Q9Y267",17
"3171","Q9Y277",17
"3172","Q9Y2E8",17
"3173","Q9Y2H6",17
"3174","Q9Y2T7",17
"3175","Q9Y2W6",17
"3176","Q9Y385",17
"3177","Q9Y3Q7",17
"3178","Q9Y3Y4",11
"3179","Q9Y4C1",16
"3180","Q9Y4F3",17
"3181","Q9Y4I5",17
"3182","Q9Y4R7",17
"3183","Q9Y508",17
"3184","Q9Y547",15
"3185","Q9Y5A6",17
"3186","Q9Y5A9",17
"3187","Q9Y5K1",17
"3188","Q9Y5K3",17
"3189","Q9Y5R6",17
"3190","Q9Y615",17
"3191","Q9Y6F7",17
"3192","Q9Y6F8",17
"3193","Q9Y6K1",15
"3194","Q9Y6M0",17
"3195","Q9YGC3",17
"3196","Q9YGL1",16
"3197","Q9YGV8",17
"3198","Q9YGW7",17
"3199","Q9YH18",17
"3200","Q9YHD3",17
"3201","Q9YHV4",17
"3202","Q9Z0E1",17
"3203","Q9Z0F4",17
"3204","Q9Z0P7",17
"3205","Q9Z0V5",17
"3206","Q9Z0X4",17
"3207","Q9Z132",13
"3208","Q9Z148",17
"3209","Q9Z1B3",17
"3210","Q9Z1K9",17
"3211","Q9Z1L3",17
"3212","Q9Z1P4",17
"3213","Q9Z1R2",17
"3214","Q9Z1T1",17
"3215","Q9Z221",15
"3216","Q9Z286",17
"3217","Q9Z2C8",17
"3218","Q9Z2D6",17
"3219","Q9Z2E9",17
"3220","Q9Z2H4",17
"3221","Q9Z2K0",17
"3222","Q9ZRT1",1
"3223","T2HG31",17
"3224","V6CIV8",17
"3225","V6CLJ5",17
"3226","W7K139",14
"3227","X1WGX5",17
"3228","X1WHY6",17
